"","ID","Description","setSize","enrichmentScore","NES","pvalue","p.adjust","qvalue","rank","leading_edge","core_enrichment"
"HALLMARK_APICAL_SURFACE","HALLMARK_APICAL_SURFACE","HALLMARK_APICAL_SURFACE",40,-0.481665264413468,-1.35791549427497,0.0671256454388985,1,1,5030,"tags=40%, list=22%, signal=31%","FLOT2/ADAM10/CD160/PCSK9/BRCA1/NTNG1/SHROOM2/SULF2/PKHD1/RHCG/AFAP1L2/SRPX/MDGA1/AKAP7/GAS1/SLC34A3"
"HALLMARK_INTERFERON_ALPHA_RESPONSE","HALLMARK_INTERFERON_ALPHA_RESPONSE","HALLMARK_INTERFERON_ALPHA_RESPONSE",97,0.386473281093258,1.3005713593641,0.0575544775332847,1,1,7618,"tags=58%, list=33%, signal=39%","RSAD2/IFI30/CMTR1/IFIT3/OGFR/GBP2/IFIH1/OASL/MX1/CSF1/ISG20/TRIM26/CMPK2/EPSTI1/RTP4/LPAR6/ISG15/SAMD9/IFI27/CXCL11/IRF9/UBE2L6/TXNIP/DHX58/SP110/STAT2/CASP8/HERC6/IFI35/NMI/IFITM3/EIF2AK2/PSME2/IFI44L/PSME1/IFIT2/HLA-C/OAS1/TRIM21/SLC25A28/SELL/IFI44/PSMB8/BATF2/TRIM25/CASP1/B2M/TRIM14/TRAFD1/TDRD7/PSMA3/NUB1/IRF2/ADAR/IRF1/PSMB9"
"HALLMARK_INFLAMMATORY_RESPONSE","HALLMARK_INFLAMMATORY_RESPONSE","HALLMARK_INFLAMMATORY_RESPONSE",179,0.342451911073326,1.25695048430553,0.0421956458548993,1,1,4162,"tags=26%, list=18%, signal=22%","SELE/CD48/NDP/RNF144B/CD69/IL1A/OLR1/AQP9/IL1R1/IL10/EBI3/MARCO/CYBB/HAS2/ABCA1/HRH1/BEST1/CMKLR1/ITGB8/GPR132/IL7R/IRAK2/TLR1/SLC31A2/APLNR/CSF3R/GPR183/IL10RA/MXD1/ADORA2B/PCDH7/STAB1/C3AR1/TPBG/CSF1/SLAMF1/MEFV/RTP4/EREG/PTAFR/SLC1A2/ITGA5/TNFSF15/CXCL11/PVR/AHR/KIF1B"
"HALLMARK_TNFA_SIGNALING_VIA_NFKB","HALLMARK_TNFA_SIGNALING_VIA_NFKB","HALLMARK_TNFA_SIGNALING_VIA_NFKB",192,0.303249069401483,1.12939019506018,0.165311653116531,1,1,6281,"tags=31%, list=27%, signal=23%","SLC16A6/CD69/DUSP4/IL1A/OLR1/SNN/DUSP5/ABCA1/SIK1/TRAF1/IL7R/TNFAIP8/SLC2A6/SLC2A3/PTGS2/DENND5A/GPR183/MXD1/NFIL3/IFIH1/CSF1/LAMB3/KYNU/SGK1/SERPINB8/CCN1/ACKR3/EHD1/PHLDA1/KLF2/BIRC2/FOSL1/CXCL11/GADD45A/GADD45B/AREG/NFE2L2/REL/IRS2/B4GALT5/SQSTM1/JAG1/TANK/TUBB2A/PER1/PLAU/TSC22D1/EFNA1/ZBTB10/FUT4/PDLIM5/PANX1/RHOB/CCND1/CEBPB/IFIT2/SDC4/TRIB1/NFAT5/MAFF"
"HALLMARK_BILE_ACID_METABOLISM","HALLMARK_BILE_ACID_METABOLISM","HALLMARK_BILE_ACID_METABOLISM",91,0.338365916530509,1.12003208579218,0.211081794195251,1,1,2654,"tags=13%, list=12%, signal=12%","AGXT/GC/PEX6/KLF1/AQP9/DIO2/CYP46A1/NR0B2/APOA1/ABCA1/AMACR/RBP1"
"HALLMARK_KRAS_SIGNALING_UP","HALLMARK_KRAS_SIGNALING_UP","HALLMARK_KRAS_SIGNALING_UP",179,0.298068950723725,1.09404532389485,0.201634877384196,1,1,3121,"tags=23%, list=14%, signal=20%","TMEM100/MYCN/SNAP91/RETN/IGFBP3/TRIB2/ETS1/IKZF1/GPNMB/NR0B2/IGF2/PCP4/FCER1G/ADAMDEC1/CD37/PLAT/CBX8/PECAM1/TRAF1/PRRX1/PTBP2/LAPTM5/MAFB/TFPI/DOCK2/CMKLR1/ABCB1/SATB1/MMP9/PCSK1N/IL7R/IL33/PTGS2/IL10RA/ATG10/SPP1/LCP1/PTCD2/ITGB2/C3AR1/ALDH1A3"
"HALLMARK_MYOGENESIS","HALLMARK_MYOGENESIS","HALLMARK_MYOGENESIS",160,-0.3166664869844,-1.08899730008045,0.267405063291139,1,1,3275,"tags=19%, list=14%, signal=16%","TPM2/ENO3/VIPR1/COX7A1/ACTN3/MYH1/MYH11/DTNA/SGCD/CKB/SPHK1/PSEN2/AK1/IGFBP7/SPDEF/PPFIA4/CHRNA1/SOD3/COL3A1/COL15A1/CKM/FGF2/CTF1/MYOM1/SLN/HRC/CDH13/TNNT2/MYOM2/ITGA7"
"HALLMARK_KRAS_SIGNALING_DN","HALLMARK_KRAS_SIGNALING_DN","HALLMARK_KRAS_SIGNALING_DN",141,-0.319978756540217,-1.08634420249006,0.27741935483871,1,1,4091,"tags=30%, list=18%, signal=25%","TCF7L1/SLC38A3/PAX3/CPB1/ABCB11/GAMT/OXT/CLDN16/NOS1/KRT4/TFF2/TGFB2/MSH5/STAG3/IGFBP2/PRODH/YPEL1/PDE6B/C5/CAMK1D/CCDC106/COPZ2/ARPP21/RGS11/SLC5A5/ZNF112/SIDT1/AKR1B10/CPEB3/GPR19/CKM/LGALS7/KCND1/CD40LG/CPA2/DLK2/CAPN9/KCNN1/COL2A1/AMBN/SNCB/SCGB1A1"
"HALLMARK_COAGULATION","HALLMARK_COAGULATION","HALLMARK_COAGULATION",117,-0.319540186538908,-1.0682716560186,0.300157977883096,1,1,4382,"tags=21%, list=19%, signal=17%","TF/HPN/DCT/F8/DUSP14/C1S/MMP1/CRIP2/HTRA1/P2RY1/C1R/TFPI2/COMP/PF4/TMPRSS6/C8G/MASP2/HRG/CFH/HMGCS2/CPN1/C9/GP9/FGA/FGG"
"HALLMARK_PANCREAS_BETA_CELLS","HALLMARK_PANCREAS_BETA_CELLS","HALLMARK_PANCREAS_BETA_CELLS",30,0.391266331492024,1.05607060208592,0.371428571428571,1,1,2166,"tags=17%, list=9%, signal=15%","PAX4/GCG/ISL1/PCSK1/MAFB"
"HALLMARK_IL2_STAT5_SIGNALING","HALLMARK_IL2_STAT5_SIGNALING","HALLMARK_IL2_STAT5_SIGNALING",181,0.284851206666509,1.04480307321642,0.314763231197772,1,1,4758,"tags=28%, list=21%, signal=22%","MAP6/CD48/PTH1R/TIAM1/GPR83/CD79B/IL10/COL6A1/CDKN1C/TRAF1/RRAGD/TNFRSF4/ABCB1/CD86/ITGAV/SLC2A3/LRRC8C/AMACR/TGM2/DENND5A/DRC1/TLR7/IL10RA/MXD1/SPP1/NFIL3/CSF1/IGF1R/SCN9A/BMPR2/ITIH5/EEF1AKMT1/PUS1/PHLDA1/CTSZ/PTCH1/AHR/PIM1/GADD45B/SPRY4/ETFBKMT/ADAM19/SPRED2/ITGA6/LTB/PRAF2/PLIN2/PDCD2L/FGL2/SOCS1"
"HALLMARK_EPITHELIAL_MESENCHYMAL_TRANSITION","HALLMARK_EPITHELIAL_MESENCHYMAL_TRANSITION","HALLMARK_EPITHELIAL_MESENCHYMAL_TRANSITION",187,-0.291901103821083,-1.02437662427655,0.406885758998435,1,1,4398,"tags=26%, list=19%, signal=21%","PLOD2/TPM1/COL12A1/COL5A3/MXRA5/FN1/CDH2/SFRP4/COL16A1/CALD1/CXCL8/IL6/CTHRC1/CDH6/ABI3BP/SCG2/FBN2/MMP1/NTM/FAS/ECM2/TPM2/HTRA1/COL1A2/IGFBP2/ELN/TFPI2/SGCD/COMP/GPX7/NT5E/CXCL12/PCOLCE/ANPEP/COL4A1/FMOD/PCOLCE2/COL3A1/FGF2/FSTL1/CRLF1/THBS2/SNAI2/LUM/GAS1/DCN/OXTR/LAMA1"
"HALLMARK_ALLOGRAFT_REJECTION","HALLMARK_ALLOGRAFT_REJECTION","HALLMARK_ALLOGRAFT_REJECTION",171,0.268486288793643,0.972665882116944,0.523676880222841,1,1,3265,"tags=19%, list=14%, signal=16%","F2/CD2/CD3D/WAS/ELANE/CD79A/ETS1/IL10/INHBB/EGFR/PRKCG/GZMA/CD8A/HCLS1/SRGN/FGR/LY86/FCGR2B/MMP9/CD86/TLR1/IGSF6/ST8SIA4/GBP2/NCF4/IL12A/ITGB2/STAB1/CSF1/STAT1/SPI1/PTPRC"
"HALLMARK_APOPTOSIS","HALLMARK_APOPTOSIS","HALLMARK_APOPTOSIS",154,0.262344105308137,0.943313052091425,0.623342175066313,1,1,5876,"tags=29%, list=26%, signal=21%","F2/CD2/CD69/IL1A/HGF/CD38/RARA/GPX3/FEZ1/PLAT/HMOX1/RNASEL/SATB1/DPYD/CTH/SMAD7/BCL2L10/PLCB2/TIMP2/ISG20/EREG/F2R/ROCK1/MMP2/GADD45A/GADD45B/ANKH/CTNNB1/TXNIP/SQSTM1/SC5D/LMNA/CD14/CASP8/LEF1/BCL2L11/IFITM3/BCL2L2/CASP4/PPP3R1/MADD/RHOB/HSPB1/CCND1"
"HALLMARK_NOTCH_SIGNALING","HALLMARK_NOTCH_SIGNALING","HALLMARK_NOTCH_SIGNALING",30,0.342917114395705,0.925570779587559,0.55,1,1,4912,"tags=33%, list=21%, signal=26%","PPARD/FZD1/DLL1/DTX1/MAML2/DTX4/KAT2A/SAP30/JAG1/APH1A"
"HALLMARK_INTERFERON_GAMMA_RESPONSE","HALLMARK_INTERFERON_GAMMA_RESPONSE","HALLMARK_INTERFERON_GAMMA_RESPONSE",190,0.248335177687597,0.924277011965423,0.730978260869565,1,1,6253,"tags=36%, list=27%, signal=26%","SECTM1/RSAD2/IFIT1/CD69/IFI30/PSMA2/CD38/XCL1/GZMA/SSPN/CMTR1/CMKLR1/CD86/IFIT3/OGFR/ZBP1/PTGS2/ST8SIA4/IL10RA/IFIH1/OASL/VAMP5/MX1/STAT1/ISG20/TRIM26/CMPK2/EPSTI1/RTP4/ISG15/IFI27/CXCL11/EIF4E3/IRF9/PTPN2/PIM1/NLRC5/SAMHD1/CXCL9/UBE2L6/TXNIP/DHX58/SP110/FGL2/SOCS1/MARCHF1/HLA-B/STAT2/ARID5B/RAPGEF6/CASP8/HERC6/IFI35/NMI/IFITM3/CASP4/EIF2AK2/PSME2/IFI44L/PSME1/OAS3/HLA-DQA1/MX2/IFIT2/HLA-A/TRIM21/SLC25A28/JAK2"
"HALLMARK_WNT_BETA_CATENIN_SIGNALING","HALLMARK_WNT_BETA_CATENIN_SIGNALING","HALLMARK_WNT_BETA_CATENIN_SIGNALING",39,0.321100824287812,0.912576413860125,0.614485981308411,1,1,4784,"tags=31%, list=21%, signal=24%","DKK1/FRAT1/PPARD/FZD1/DLL1/NKD1/KAT2A/DVL2/TP53/PTCH1/CTNNB1/JAG1"
"HALLMARK_PEROXISOME","HALLMARK_PEROXISOME","HALLMARK_PEROXISOME",99,-0.27976646017232,-0.911767749769692,0.665584415584416,1,1,8356,"tags=32%, list=36%, signal=21%","TSPO/LONP2/PEX11A/HSD3B7/CLN6/ABCB4/SLC25A4/FDPS/UGT2B17/TOP2A/ALDH1A1/NR1I2/SLC27A2/ISOC1/IDI1/PEX14/ABCD1/SLC25A17/DHCR24/ECH1/ECI2/ESR2/EPHX2/DLG4/ACAA1/ABCC5/ACSL4/CEL/TTR/CRABP2/CRABP1/SCGB1A1"
"HALLMARK_ANGIOGENESIS","HALLMARK_ANGIOGENESIS","HALLMARK_ANGIOGENESIS",33,0.312476544726316,0.858551450604716,0.683962264150943,1,1,3225,"tags=27%, list=14%, signal=23%","SLCO2A1/OLR1/VCAN/FGFR1/ITGAV/VAV2/SPP1/LPL/STC1"
"HALLMARK_G2M_CHECKPOINT","HALLMARK_G2M_CHECKPOINT","HALLMARK_G2M_CHECKPOINT",195,-0.242339324898813,-0.854981965363579,0.87402799377916,1,1,8686,"tags=39%, list=38%, signal=25%","SLC38A1/KPNB1/CDC27/RASAL2/MCM5/CKS2/EZH2/E2F1/KIF2C/FBXO5/CCNB2/SMC4/CENPE/TENT4A/PRC1/GINS2/CUL3/DTYMK/NUP50/SS18/MT2A/KPNA2/UBE2S/HIRA/AURKB/TMPO/MKI67/PRIM2/TOP2A/PBK/TACC3/RPS6KA5/TROAP/UBE2C/BRCA2/POLA2/RACGAP1/CBX1/PTTG1/BIRC5/MAD2L1/TNPO2/BARD1/STIL/CENPF/CDK1/EFNA5/MCM6/CDC20/NUMA1/ODF2/SUV39H1/TRAIP/CDKN1B/SLC7A5/NEK2/HMGB3/ORC6/CCNA2/CCNF/HIF1A/PRMT5/KIF4A/CENPA/PLK1/KMT5A/STAG1/TTK/MTF2/PLK4/KNL1/MEIS1/EXO1/CDC45/E2F2/POLQ/INCENP"
"HALLMARK_E2F_TARGETS","HALLMARK_E2F_TARGETS","HALLMARK_E2F_TARGETS",199,-0.242051202573783,-0.854242154859666,0.874806800618238,1,1,9251,"tags=44%, list=40%, signal=26%","GINS1/NASP/NUP153/TFRC/RAD21/RFC3/SRSF1/AURKA/DEPDC1/DLGAP5/NCAPD2/MCM5/CKS2/EZH2/KIF2C/POLD3/ATAD2/CCNB2/KIF18B/PCNA/GINS4/PRDX4/UNG/SMC4/RBBP7/CENPE/RAD51AP1/USP1/DUT/POP7/KPNA2/PRPS1/MTHFD2/CDCA8/UBE2S/UBE2T/AURKB/TMPO/MKI67/PRIM2/TOP2A/TIPIN/DCLRE1B/MXD3/BUB1B/LIG1/TACC3/BRCA2/POLA2/RACGAP1/CCP110/CENPM/PTTG1/BIRC5/MAD2L1/CDKN2A/BARD1/CDK1/CDCA3/TK1/MCM6/CDC20/NBN/CHEK2/CBX5/SUV39H1/CDKN1B/GINS3/DIAPH3/HMGB3/ORC6/SPAG5/KIF4A/MELK/WDR90/SHMT1/ASF1B/CIT/PLK1/STAG1/SPC24/BRCA1/DSCC1/PLK4/TIMELESS/E2F8/TCF19"
"HALLMARK_ESTROGEN_RESPONSE_LATE","HALLMARK_ESTROGEN_RESPONSE_LATE","HALLMARK_ESTROGEN_RESPONSE_LATE",187,-0.243179467114024,-0.853396435829591,0.863849765258216,1,1,4163,"tags=17%, list=18%, signal=14%","HOMER2/SLC26A2/TFF1/HR/RAPGEFL1/AGR2/EGR3/SLC22A5/CCN5/PLK4/PAPSS2/PTGER3/HSPA4L/GPER1/KIF20A/LTF/CAV1/TFPI2/CKB/CPE/SEMA3B/ST6GALNAC2/CXCL12/DNAJC12/OPN3/SERPINA5/RPS6KA2/PLAC1/PDZK1/CALCR/HMGCS2/OLFM1"
"HALLMARK_IL6_JAK_STAT3_SIGNALING","HALLMARK_IL6_JAK_STAT3_SIGNALING","HALLMARK_IL6_JAK_STAT3_SIGNALING",77,0.260656980567792,0.844294002350656,0.828850855745721,1,1,5018,"tags=29%, list=22%, signal=22%","ITGA4/IL1R1/CD38/EBI3/HMOX1/CSF3R/CD36/CSF1/STAT1/CXCL11/IL17RB/IRF9/PTPN2/TYK2/PIM1/CXCL9/STAM2/LTB/CCR1/SOCS1/CD14/STAT2"
"HALLMARK_SPERMATOGENESIS","HALLMARK_SPERMATOGENESIS","HALLMARK_SPERMATOGENESIS",95,-0.251305235966893,-0.815758196519576,0.854838709677419,1,1,4849,"tags=29%, list=21%, signal=23%","NF2/CLVS1/NEK2/CCT6B/MAST2/ART3/TOPBP1/ACE/OAZ3/PGS1/DMC1/ACRV1/NCAPH/CHFR/TTK/NOS1/CRISP2/SPATA6/HSPA2/HSPA4L/ZPBP/SCG5/SYCP1/MEP1B/ACRBP/ADCYAP1/TULP2/DDX4"
"HALLMARK_ESTROGEN_RESPONSE_EARLY","HALLMARK_ESTROGEN_RESPONSE_EARLY","HALLMARK_ESTROGEN_RESPONSE_EARLY",191,0.217978346298617,0.811872476937543,0.962162162162162,1,1,1777,"tags=7%, list=8%, signal=7%","CALB2/CBFA2T3/SLC24A3/DHRS2/TIAM1/SLC19A2/TUBB2B/INHBB/ANXA9/RARA/TFAP2C/WFS1/KLK10/PTGES"
"HALLMARK_APICAL_JUNCTION","HALLMARK_APICAL_JUNCTION","HALLMARK_APICAL_JUNCTION",180,0.22019384067693,0.805921235038975,0.966292134831461,1,1,3397,"tags=17%, list=15%, signal=15%","CALB2/CLDN6/MAPK11/VWF/VCAN/NEGR1/SPEG/EGFR/SGCE/AMH/KCNH2/ACTA1/CD209/FSCN1/ALOX15B/PECAM1/TRAF1/IRS1/CRAT/PPP2R2C/MMP9/CD86/TNFRSF11B/VAV2/AMIGO2/SLIT2/CDH3/ACTN2/LAMB3/PTPRC/TJP1"
"HALLMARK_UV_RESPONSE_DN","HALLMARK_UV_RESPONSE_DN","HALLMARK_UV_RESPONSE_DN",140,0.219111690488983,0.775511878144724,0.978835978835979,1,1,5161,"tags=26%, list=22%, signal=20%","RGS4/SYNE1/PTPRM/PMP22/HAS2/AGGF1/IRS1/TFPI/NR3C1/VAV2/PIK3CD/SMAD7/ADORA2B/FYN/MAGI2/CAP2/IGF1R/LAMC1/SDC2/CCN1/RND3/TJP1/TOGARAM1/PRDM2/SCN8A/NEK7/PTPN21/TGFBR2/NR1D2/SCAF8/NFIB/BCKDHB/COL11A1/CDC42BPA/AKT3/CDK13"
"HALLMARK_REACTIVE_OXYGEN_SPECIES_PATHWAY","HALLMARK_REACTIVE_OXYGEN_SPECIES_PATHWAY","HALLMARK_REACTIVE_OXYGEN_SPECIES_PATHWAY",48,0.254520474500005,0.751766546753215,0.898765432098765,1,1,6215,"tags=29%, list=27%, signal=21%","GPX3/MPO/LSP1/EGLN2/ERCC2/SBNO2/GLRX2/ATOX1/OXSR1/FTL/NQO1/IPCEF1/HMOX2/NDUFB4"
"HALLMARK_UNFOLDED_PROTEIN_RESPONSE","HALLMARK_UNFOLDED_PROTEIN_RESPONSE","HALLMARK_UNFOLDED_PROTEIN_RESPONSE",111,0.210732779309762,0.718710178123533,0.991780821917808,1,1,7858,"tags=38%, list=34%, signal=25%","IFIT1/ASNS/CHAC1/WFS1/HYOU1/NHP2/TATDN2/EXOC2/DCP2/KHSRP/NOP14/BAG3/ERN1/EIF4EBP1/ATF6/DDX10/TUBB2A/STC2/EDEM1/EIF2AK3/H2AX/EEF2/PAIP1/FUS/CEBPB/YIF1A/DNAJA4/DNAJC3/HSPA5/SSR1/NFYB/NOLC1/DCP1A/RRP9/SDAD1/NPM1/RPS14/SPCS3/EIF2S1/YWHAZ/CNOT6/ATF4"
"HALLMARK_MYC_TARGETS_V1","HALLMARK_MYC_TARGETS_V1","HALLMARK_MYC_TARGETS_V1",199,0.192628109021681,0.717658902184693,0.997183098591549,1,1,9684,"tags=52%, list=42%, signal=30%","MCM2/PSMA2/UBE2E1/PCBP1/NHP2/PSMA6/PSMC4/SSB/NCBP1/AP3S1/CCT4/TRA2B/RPS2/CBX3/HNRNPA3/HNRNPU/EIF2S2/ABCE1/EEF1B2/CANX/ACP1/MCM4/PSMB2/SYNCRIP/TOMM70/YWHAE/HSPE1/TXNL4A/HDGF/CUL1/G3BP1/EIF1AX/NOLC1/RAD23B/SNRPD2/YWHAQ/RRP9/XPO1/RSL1D1/PSMB3/PRPF31/CDK4/NAP1L1/RPL22/PSMA7/ERH/NPM1/ETF1/GOT2/EPRS1/SF3A1/RPL14/GSPT1/DDX18/LSM7/EIF2S1/PSMC6/CCT3/SET/TCP1/TFDP1/FAM120A/TRIM28/EIF4G2/HDDC2/NOP16/U2AF1/VDAC1/HNRNPA2B1/HDAC2/RPLP0/HSP90AB1/LSM2/PSMA4/RPL18/RPS5/SRSF3/RACK1/CTPS1/HSPD1/SERBP1/SNRPD1/SNRPG/CNBP/SNRPB2/RPL6/DDX21/XRCC6/PA2G4/APEX1/PWP1/FBL/RPL34/PPIA/NOP56/VDAC3/PSMD1/CCT5/RNPS1/ILF2/RPS6/COPS5/PSMD8"
"HALLMARK_HYPOXIA","HALLMARK_HYPOXIA","HALLMARK_HYPOXIA",185,-0.201271064505759,-0.705732923001149,0.996875,1,1,6213,"tags=23%, list=27%, signal=17%","NDST1/ERO1A/SLC6A6/ILVBL/RORA/ANKZF1/CDKN1B/WSB1/KDM3A/MAP3K1/KDELR3/PLAC8/IDS/ADM/HEXA/PGM1/TMEM45A/KLHL24/IL6/SELENBP1/PFKP/P4HA1/MT1E/CP/ANGPTL4/AKAP12/CCN5/NDRG1/ENO3/ALDOB/PGF/LXN/CAV1/DTNA/HK2/SRPX/GPC3/PPFIA4/B4GALNT2/PKLR/DCN/GCNT2/IGFBP1"
"HALLMARK_HEME_METABOLISM","HALLMARK_HEME_METABOLISM","HALLMARK_HEME_METABOLISM",180,0.192407485582391,0.704221689101729,1,1,1,3479,"tags=12%, list=15%, signal=10%","HBBP1/CLIC2/HTRA2/KLF1/TRIM10/ASNS/ACP5/KEL/HBZ/OSBP2/TSPO2/TMCC2/ALDH1L1/NR3C1/BMP2K/CROCCP2/SLC6A9/TENT5C/SIDT2/RBM38/EPOR/AQP3"
"HALLMARK_UV_RESPONSE_UP","HALLMARK_UV_RESPONSE_UP","HALLMARK_UV_RESPONSE_UP",148,0.190834195451763,0.683339290267841,0.997361477572559,1,1,6718,"tags=32%, list=29%, signal=23%","CLCN2/ASNS/GPX3/CDKN1C/CDKN2B/KCNH2/NPTX2/APOM/HMOX1/ABCB1/RET/EPHX1/NPTXR/AQP3/GLS/GAL/STARD3/CHKA/PARP2/CREG1/HLA-F/CYB5R1/NUP58/CYB5B/SQSTM1/CLTB/ALDOA/GRINA/BCL2L11/FMO1/RASGRP1/FGF18/YKT6/H2AX/PRKACA/RHOB/TGFBRAP1/HNRNPU/RXRB/WIZ/CDC34/EIF5/CCNE1/MAOA/MARK2/NTRK3/BTG1/DNAJB1"
"HALLMARK_XENOBIOTIC_METABOLISM","HALLMARK_XENOBIOTIC_METABOLISM","HALLMARK_XENOBIOTIC_METABOLISM",168,-0.196729185722664,-0.682214115466463,0.998430141287284,1,1,1428,"tags=17%, list=6%, signal=16%","BCAT1/PGD/CYP2C18/XDH/ECH1/SLC35D1/TAT/PSMB10/ETFDH/ATOH8/HSD11B1/ALDH3A1/AP4B1/CCL25/TGFB2/FAS/SPINT2/PAPSS2/CSAD/DHPS/ACO2/TPST1/HRG/MPP2/RBP4/GCNT2/LEAP2/IGFBP1/CYP2E1"
"HALLMARK_COMPLEMENT","HALLMARK_COMPLEMENT","HALLMARK_COMPLEMENT",184,0.183219204577778,0.674270987572137,1,1,1,3825,"tags=17%, list=17%, signal=14%","F2/WAS/OLR1/APOBEC3F/GATA3/PLA2G7/C1QA/FCER1G/PLAT/GZMA/DUSP5/GNB4/GNGT2/CDK5R1/APOC1/PIK3CG/FYN/CD36/CDA/ACTN2/C1QC/KYNU/MMP12/RBSN/DOCK9/TIMP2/EHD1/DOCK10/SIRT6/F10/CALM3"
"HALLMARK_GLYCOLYSIS","HALLMARK_GLYCOLYSIS","HALLMARK_GLYCOLYSIS",187,-0.191120810495425,-0.670705551029034,1,1,1,8903,"tags=39%, list=39%, signal=24%","LHX9/FAM162A/AURKA/COPB2/DEPDC1/B4GALT4/LDHA/PHKA2/SDC3/GNE/DLD/EGLN3/EXT2/B3GNT3/RBCK1/CLDN3/TPI1/POLR3K/RPE/MED24/G6PD/PPP2CB/CLN6/SLC25A10/GMPPB/AGL/SLC35A3/PRPS1/BPNT1/PGLS/PGK1/GPC4/ANG/COG2/ME1/PKP2/VLDLR/CHST12/NDST3/XYLT2/NOL3/ERO1A/AGRN/SLC16A3/CDK1/ME2/PGAM1/ANKZF1/PLOD2/KDELR3/CHST6/TFF3/CENPA/ABCB6/PFKP/P4HA1/NANP/PYGL/MERTK/ANGPTL4/CHPF/ALDOB/FUT8/KIF20A/HK2/NT5E/GPC3/PPFIA4/TPST1/DCN/CLDN9/CHST4"
"HALLMARK_P53_PATHWAY","HALLMARK_P53_PATHWAY","HALLMARK_P53_PATHWAY",192,0.177305618056089,0.660339129669406,1,1,1,5455,"tags=22%, list=24%, signal=17%","NHLH2/IL1A/SLC19A2/ZNF365/FGF13/IFI30/INHBB/CCNK/CDKN2B/ZBTB16/ALOX15B/KLK8/CDK5R1/HMOX1/ERCC5/SERPINB5/MXD1/EPHX1/PERP/AEN/F2R/PPM1D/TP53/RAP2B/GADD45A/GM2A/TGFA/EI24/TXNIP/FOXO3/SOCS1/RAB40C/HDAC3/STOM/ZFP36L1/CTSD/DNTTIP2/TSC22D1/PVT1/BLCAP/S100A4/TPRKB"
"HALLMARK_HEDGEHOG_SIGNALING","HALLMARK_HEDGEHOG_SIGNALING","HALLMARK_HEDGEHOG_SIGNALING",32,-0.242242723713236,-0.655236132268835,0.960481099656357,1,1,5456,"tags=34%, list=24%, signal=26%","LDB1/CNTFR/VLDLR/NF1/ACHE/SCG2/TLE1/NRP1/GLI1/HEY1/SLIT1"
"HALLMARK_TGF_BETA_SIGNALING","HALLMARK_TGF_BETA_SIGNALING","HALLMARK_TGF_BETA_SIGNALING",53,0.216099453980597,0.650958625093913,0.987775061124694,1,1,7045,"tags=30%, list=31%, signal=21%","CDKN1C/SMAD6/LTBP2/SMAD7/BMPR2/TJP1/TGFBR1/CTNNB1/FNTA/APC/ARID4B/HIPK2/MAP3K7/PMEPA1/ID2/TGIF1"
"HALLMARK_FATTY_ACID_METABOLISM","HALLMARK_FATTY_ACID_METABOLISM","HALLMARK_FATTY_ACID_METABOLISM",143,-0.190699594022335,-0.649244608361471,0.998397435897436,1,1,7041,"tags=24%, list=31%, signal=17%","G0S2/HCCS/ADH1C/ALDH1A1/ME1/FABP2/IDI1/UROD/BMPR1B/FABP1/BLVRA/HADH/ACSM3/DHCR24/NBN/INMT/ECH1/ACADS/UROS/GSTZ1/ECI2/ETFDH/ALDH3A1/KMT5A/ACAA1/CPT2/ACSL4/SLC22A5/ENO3/AADAT/CEL/D2HGDH/ACO2/HMGCS2/RDH16"
"HALLMARK_DNA_REPAIR","HALLMARK_DNA_REPAIR","HALLMARK_DNA_REPAIR",145,-0.179056498499872,-0.609367326451402,1,1,1,6210,"tags=16%, list=27%, signal=12%","POM121/GTF2H3/ADCY6/POLL/ZWINT/FEN1/AAAS/TAF1C/REV3L/CCNO/RRM2B/RNMT/RAD51/POLH/TAF10/VPS37D/TYMS/AK1/TAF6/GSDME/DGCR8/POLD4/BRF2"
"HALLMARK_CHOLESTEROL_HOMEOSTASIS","HALLMARK_CHOLESTEROL_HOMEOSTASIS","HALLMARK_CHOLESTEROL_HOMEOSTASIS",73,-0.194910401138192,-0.606312909881577,0.996575342465753,1,1,3459,"tags=8%, list=15%, signal=7%","AVPR1A/LSS/ABCA2/SEMA3B/GSTM2/ADH4"
"HALLMARK_MITOTIC_SPINDLE","HALLMARK_MITOTIC_SPINDLE","HALLMARK_MITOTIC_SPINDLE",195,-0.167345550205499,-0.590401196624973,1,1,1,7136,"tags=28%, list=31%, signal=19%","TUBGCP5/TOP2A/TSC1/VCL/ARHGEF12/SYNPO/ARHGEF2/DLG1/KNTC1/BRCA2/RACGAP1/ATG4B/MID1/ARHGEF3/KPTN/BIRC5/GEMIN4/TBCD/CENPF/CDK1/TUBGCP6/ANLN/MYO1E/NUMA1/HDAC6/RANBP9/CEP192/TUBGCP3/NF1/NEK2/ABR/CSNK1D/WASF1/KIF4A/CDC42EP1/ARHGEF11/PLK1/CDK5RAP2/NIN/PCNT/RAPGEF5/TTK/SHROOM2/RHOF/PIF1/PALLD/LLGL1/TUBD1/ARHGAP29/SASS6/PLEKHG2/ARAP3/MYH10/INCENP"
"HALLMARK_OXIDATIVE_PHOSPHORYLATION","HALLMARK_OXIDATIVE_PHOSPHORYLATION","HALLMARK_OXIDATIVE_PHOSPHORYLATION",197,0.139918009903704,0.519365378872198,1,1,1,9317,"tags=45%, list=41%, signal=27%","HTRA2/IDH3A/MAOB/MFN2/PDK4/OAT/LRPPRC/GLUD1/FDX1/MRPS15/ECI1/SDHD/ISCA1/SDHB/NDUFC1/ACAT1/ATP5F1E/NDUFS1/MPC1/PDHX/SDHC/NDUFB4/SUCLA2/OGDH/UQCRB/MRPL34/NDUFA5/RETSAT/TOMM70/ATP5MG/TIMM8B/NDUFS6/MRPL35/OXA1L/MRPS30/ATP5F1C/ATP5ME/NDUFA3/CYB5A/COX7C/DECR1/NDUFC2/GOT2/TIMM9/ACAA2/NDUFB7/NDUFB3/ATP6V1F/COX5B/NDUFV1/TCIRG1/TIMM13/TIMM10/NDUFB1/CYB5R3/ATP5PF/COX6C/MDH1/TIMM17A/COX7A2/POLR2F/NDUFB6/POR/TIMM50/ATP6V0E1/GPX4/ATP5PD/NDUFB8/VDAC1/BAX/IMMT/ATP6V1G1/ATP6V1C1/ACADM/HADHB/ATP5MF/UQCRQ/PHYH/ECHS1/PDHB/ATP5PB/COX10/COX6B1/ATP5MC3/GPI/ACADVL/SDHA/UQCR10"
"HALLMARK_ADIPOGENESIS","HALLMARK_ADIPOGENESIS","HALLMARK_ADIPOGENESIS",187,-0.143023542190435,-0.501916475899708,1,1,1,6886,"tags=20%, list=30%, signal=14%","ME1/UCK1/GPAM/C3/DNAJB9/CMBL/COQ3/BCL6/PEX14/DHCR7/UCP2/ADCY6/HADH/FABP4/ENPP2/ECH1/BAZ2A/ACADS/DRAM2/PGM1/FZD4/MIGA2/EPHX2/ABCB8/LPCAT3/ELOVL6/ANGPTL4/CPT2/PTGER3/CD302/ACO2/MTARC2/SPARCL1/COL4A1/COL15A1/ANGPT1/ITGA7"
"HALLMARK_ANDROGEN_RESPONSE","HALLMARK_ANDROGEN_RESPONSE","HALLMARK_ANDROGEN_RESPONSE",100,-0.145747288903515,-0.476783019101292,1,1,1,7453,"tags=29%, list=32%, signal=20%","SEC24D/SAT1/HMGCR/SCD/ELL2/APPBP2/IDI1/DNAJB9/CCND3/BMPR1B/GSR/IQGAP2/AZGP1/DHCR24/CENPN/NKX3-1/RPS6KA3/HOMER2/SLC26A2/PLPP1/MERTK/AKAP12/NDRG1/NGLY1/GPD1L/KLK2/SPDEF/STEAP4/GUCY1A1"
"HALLMARK_PROTEIN_SECRETION","HALLMARK_PROTEIN_SECRETION","HALLMARK_PROTEIN_SECRETION",94,0.137977614047367,0.460715067870927,1,1,1,7795,"tags=34%, list=34%, signal=23%","EGFR/ABCA1/SSPN/NAPA/ZW10/M6PR/KIF1B/CLN5/VAMP4/SCAMP1/ARFGEF2/AP3S1/VPS45/YKT6/MON2/ATP7A/ICA1/RAB2A/ARFGAP3/GALC/ERGIC3/STAM/COPB1/KRT18/CLTC/TMED10/USO1/CTSC/ARCN1/ATP1A1/SNX2/GNAS"
"HALLMARK_MTORC1_SIGNALING","HALLMARK_MTORC1_SIGNALING","HALLMARK_MTORC1_SIGNALING",199,0.123343025512232,0.459529093291799,1,1,1,7776,"tags=27%, list=34%, signal=18%","MCM2/ASNS/IFI30/MLLT11/FKBP2/SLC2A3/CTH/NFIL3/ITGB2/STC1/CDC25A/M6PR/GBE1/QDPR/FADS1/CYB5B/PSMC4/SQSTM1/FGL2/SC5D/ALDOA/EDEM1/YKT6/LGMN/NFYC/EIF2S2/EEF1E1/SKAP2/PNO1/CANX/TCEA1/HSPA5/SSR1/MCM4/ACTR3/HSPE1/PSMG1/TRIB3/CFP/NMT1/RRP9/TOMM40/PSMA3/CORO1A/GTF2H1/ACTR2/USO1/ETF1/CTSC/EPRS1/BUB1/NUFIP1/PSMC6"
"HALLMARK_PI3K_AKT_MTOR_SIGNALING","HALLMARK_PI3K_AKT_MTOR_SIGNALING","HALLMARK_PI3K_AKT_MTOR_SIGNALING",97,0.131204070957991,0.441531834845683,1,1,1,7457,"tags=32%, list=32%, signal=22%","TIAM1/EGFR/PITX2/AKT1/NCK1/ITPR2/SMAD2/MAPK10/SQSTM1/PPP2R1B/CAB39L/RALB/STAT2/PIKFYVE/LCK/ATF1/VAV3/IRAK4/MAPK8/YWHAB/MKNK1/MAPK9/ACTR3/MAP3K7/SFN/CFL1/CLTC/TRIB3/PRKAR2A/ACTR2/CDK4"
"HALLMARK_MYC_TARGETS_V2","HALLMARK_MYC_TARGETS_V2","HALLMARK_MYC_TARGETS_V2",57,0.125079570576119,0.382737932532591,1,1,1,7713,"tags=35%, list=34%, signal=23%","IPO4/MAP3K6/PUS1/PPRC1/SLC19A1/GRWD1/TFB2M/BYSL/IMP4/CBX3/MCM4/NDUFAF4/HSPE1/PPAN/NOLC1/RRP9/CDK4/NPM1/DDX18/WDR43"
